{
    "Images": {},
    "Img": {},
    "Mentionkick": false,
    "Respontag": "Gx usah tag' langsung transfer ajha ya",
    "Spaminvite": {},
    "addadmin": false,
    "addstaff": false,
    "admin": {},
    "autoAdd": false,
    "autoJoin": true,
    "autoLeave": false,
    "autoRead": false,
    "blacklist": {},
    "comment": "",
    "contact": false,
    "delladmin": false,
    "dellstaff": false,
    "detectMention": true,
    "invite": false,
    "limit": 1,
    "mention": "NAH NGINTIP",
    "message": "hayo ketahuan add, mo ngapain  ,,",
    "owner": {},
    "selfbot": true,
    "server": {},
    "sidermem": false,
    "staff": {},
    "sticker": false,
    "unsend": true,
    "welcome": "Selamat datang",
    "welcomeOn": false
}